current_time,temp,humidity,main
2026-03-05 05:39:20,10.38,23,Clouds
2026-03-05 06:07:59,11.76,43,Haze
2026-03-05 07:09:00,10.48,36,Clouds
2026-03-05 07:54:00,8.87,57,Clouds
2026-03-05 08:34:44,10.76,46,Haze
2026-03-05 09:24:40,6.76,76,Rain
2026-03-05 10:06:30,6.76,76,Rain
2026-03-05 10:58:49,4.76,93,Rain
2026-03-05 11:40:28,3.74,92,Rain
2026-03-05 12:02:06,3.76,93,Rain
2026-03-05 13:22:28,-0.24,100,Snow
2026-03-05 14:10:43,-0.24,100,Snow
2026-03-05 15:05:48,0.76,100,Snow
2026-03-05 16:00:22,2.3,96,Rain
2026-03-05 18:13:38,0.76,100,Mist
2026-03-05 19:36:22,2.6,74,Clouds
2026-03-05 20:07:25,-0.24,100,Mist
2026-03-05 20:52:21,-0.24,100,Mist
2026-03-05 21:25:15,2.67,74,Clouds
2026-03-05 21:57:24,0.76,100,Mist
2026-03-05 22:36:16,0.76,100,Mist
2026-03-05 23:39:56,1.76,93,Mist
2026-03-06 00:58:43,1.76,93,Mist
2026-03-06 03:30:06,3.22,61,Clouds
2026-03-06 04:57:49,3.76,75,Haze
2026-03-06 05:50:46,3.76,70,Mist
2026-03-06 06:30:32,2.76,75,Clouds
2026-03-06 07:25:15,4.26,45,Clouds
2026-03-06 07:57:44,2.76,70,Haze
2026-03-06 08:45:52,3.31,46,Rain
2026-03-06 09:23:52,3.31,46,Clouds
2026-03-06 10:01:16,2.76,65,Haze
2026-03-06 10:50:08,0.76,75,Haze
2026-03-06 11:17:29,1.76,64,Clouds
2026-03-06 11:46:08,0.88,43,Clouds
2026-03-06 12:02:06,0.88,43,Clouds
2026-03-06 13:17:45,-0.24,69,Clouds
2026-03-06 14:03:45,0.16,40,Clear
2026-03-06 14:52:47,-0.24,64,Clouds
2026-03-06 15:28:43,-1.24,69,Clear
2026-03-06 16:02:49,-1.24,69,Clear
2026-03-06 16:56:17,-0.93,35,Clear
2026-03-06 17:36:09,-1.24,69,Clear
2026-03-06 18:03:54,-1.24,69,Clear
2026-03-06 19:00:57,-3.24,80,Clear
2026-03-06 19:40:25,-3.24,80,Clear
2026-03-06 20:00:06,-1.4,34,Clear
2026-03-06 20:42:53,-3.24,80,Clear
2026-03-06 21:03:03,-1.48,34,Clear
2026-03-06 21:39:17,-1.45,33,Clear
2026-03-06 21:57:54,-3.24,68,Clear
2026-03-06 22:34:56,-3.24,68,Clear
2026-03-06 22:59:20,-3.24,68,Clear
2026-03-06 23:35:58,-1.36,32,Clear
2026-03-06 23:55:18,-1.24,59,Clear
2026-03-07 01:51:28,0.76,47,Clear
2026-03-07 03:49:31,2.76,38,Clear
2026-03-07 04:52:13,4.4,16,Clear
2026-03-07 05:32:18,4.76,36,Clear
2026-03-07 06:01:48,4.76,36,Clear
2026-03-07 06:55:44,4.82,17,Clear
2026-03-07 07:28:11,4.76,33,Clear
2026-03-07 07:50:16,4.76,33,Clear
2026-03-07 08:01:13,4.76,33,Clear
2026-03-07 08:44:56,4.76,30,Clear
2026-03-07 09:03:31,4.76,30,Clear
2026-03-07 09:39:35,3.2,21,Clear
2026-03-07 09:56:08,3.2,21,Clear
2026-03-07 10:25:00,1.76,41,Clear
2026-03-07 10:48:16,2.61,23,Clear
2026-03-07 11:00:36,2.61,23,Clear
2026-03-07 11:29:44,-0.24,51,Clear
2026-03-07 11:46:18,1.86,26,Clear
2026-03-07 11:56:51,-0.24,51,Clear
2026-03-07 12:53:36,-0.24,55,Clear
2026-03-07 13:34:43,-2.24,64,Clear
2026-03-07 13:58:15,-2.24,64,Clear
2026-03-07 14:30:46,0.28,30,Clear
2026-03-07 14:52:23,-2.24,64,Clear
2026-03-07 15:13:53,-2.24,64,Clear
2026-03-07 15:39:55,-2.24,64,Clear
2026-03-07 15:54:52,-2.24,64,Clear
2026-03-07 16:24:22,-3.24,74,Clear
2026-03-07 16:49:44,-3.24,74,Clear
2026-03-07 17:10:27,-0.5,34,Clear
2026-03-07 17:36:06,-0.59,35,Clear
2026-03-07 17:52:31,-0.59,35,Clear
2026-03-07 18:20:56,-4.24,80,Clear
2026-03-07 18:52:56,-4.24,80,Clear
2026-03-07 19:15:48,-0.59,35,Clear
2026-03-07 19:38:08,-0.61,35,Clear
2026-03-07 19:51:30,-4.24,80,Clear
2026-03-07 20:12:04,-4.24,80,Clear
2026-03-07 20:41:24,-5.24,80,Clear
2026-03-07 20:57:12,-5.24,80,Clear
2026-03-07 21:25:41,-0.65,35,Clear
2026-03-07 21:43:55,-0.64,34,Clear
2026-03-07 21:55:58,-5.24,86,Clear
2026-03-07 22:23:59,-6.24,93,Clear
2026-03-07 22:46:54,-0.26,32,Clear
2026-03-07 23:00:00,-6.24,93,Clear
2026-03-07 23:32:10,-0.26,32,Clear
2026-03-07 23:49:41,0.59,29,Clear
2026-03-07 23:59:50,-2.24,80,Clear
2026-03-08 02:52:17,3.67,20,Clouds
2026-03-08 04:28:12,4.53,19,Clouds
2026-03-08 05:30:24,5.76,33,Clear
2026-03-08 06:05:38,5.76,33,Clear
2026-03-08 06:58:58,5.76,36,Clear
2026-03-08 07:37:08,5.06,25,Clouds
2026-03-08 07:55:10,4.76,36,Clear
2026-03-08 08:29:03,5.06,25,Clouds
2026-03-08 08:56:59,5.76,33,Clear
2026-03-08 09:33:12,4.67,29,Clouds
2026-03-08 09:54:39,3.76,48,Clear
2026-03-08 10:22:01,3.61,39,Clouds
2026-03-08 10:47:28,1.76,60,Clear
2026-03-08 11:01:10,3.02,47,Clouds
2026-03-08 11:30:47,3.02,47,Clouds
2026-03-08 11:47:24,2.99,52,Clouds
2026-03-08 11:58:39,0.76,75,Clear
2026-03-08 13:04:59,0.76,75,Clear
2026-03-08 13:47:56,-0.24,86,Clear
2026-03-08 14:11:27,2.69,61,Clear
2026-03-08 14:43:11,2.42,63,Clear
2026-03-08 14:58:50,0.76,86,Clear
2026-03-08 15:32:32,1.76,87,Clear
2026-03-08 15:50:11,1.76,87,Clear
2026-03-08 16:00:48,2.14,64,Clear
2026-03-08 16:40:39,1.76,87,Clear
2026-03-08 16:59:37,1.76,87,Clear
2026-03-08 17:32:00,1.89,63,Clear
2026-03-08 17:52:31,1.63,62,Clear
2026-03-08 18:21:15,1.76,87,Clouds
2026-03-08 18:54:48,1.36,61,Clear
2026-03-08 19:21:26,1.76,87,Clouds
2026-03-08 19:41:45,1.76,87,Clouds
2026-03-08 19:55:19,1.15,60,Clear
2026-03-08 20:24:39,1.76,87,Clouds
2026-03-08 20:48:29,1.04,59,Clouds
2026-03-08 21:01:45,1.76,87,Mist
2026-03-08 21:33:35,1.04,59,Clouds
2026-03-08 21:51:04,1.76,87,Mist
2026-03-08 22:10:38,1.76,80,Mist
2026-03-08 22:42:20,1.76,80,Mist
2026-03-08 22:58:39,1.43,57,Clouds
2026-03-08 23:32:20,2.76,81,Haze
2026-03-08 23:51:44,2.76,81,Haze
2026-03-09 01:05:35,3.4,54,Clouds
2026-03-09 03:41:17,6.78,35,Clouds
2026-03-09 05:11:38,7.76,39,Haze
2026-03-09 06:11:53,6.76,42,Haze
2026-03-09 07:18:09,6.76,45,Clear
2026-03-09 08:00:04,6.76,45,Haze
2026-03-09 08:56:54,6.76,45,Haze
2026-03-09 09:55:38,5.76,49,Haze
2026-03-09 10:44:13,3.76,56,Haze
2026-03-09 11:24:46,2.76,60,Clouds
2026-03-09 11:55:26,2.76,60,Haze
2026-03-09 13:00:53,4.01,40,Clear
2026-03-09 14:11:00,1.76,60,Clear
2026-03-09 15:11:02,-1.24,74,Haze
2026-03-09 16:13:17,2.71,42,Clear
2026-03-09 17:10:41,-1.24,74,Haze
2026-03-09 18:00:37,-1.24,74,Haze
2026-03-09 19:04:43,1.71,45,Clear
2026-03-09 19:47:55,-4.24,93,Haze
2026-03-09 20:17:10,-4.24,93,Clear
2026-03-09 20:54:21,-4.24,93,Mist
2026-03-09 21:28:42,1.14,47,Clear
2026-03-09 21:56:45,0.9,47,Clear
2026-03-09 22:31:58,0.9,47,Clear
2026-03-09 22:58:03,1.45,44,Clouds
2026-03-09 23:34:06,1.45,44,Clouds
2026-03-09 23:54:14,-0.24,93,Mist
2026-03-10 01:41:52,5.76,49,Haze
2026-03-10 03:54:59,6.77,31,Clouds
2026-03-10 05:08:23,7.07,29,Clouds
2026-03-10 05:59:19,7.03,26,Clouds
2026-03-10 07:03:16,8.76,31,Haze
2026-03-10 07:50:44,6.37,26,Clear
2026-03-10 08:24:47,6.76,39,Clear
2026-03-10 09:07:43,5.76,42,Clear
2026-03-10 09:59:21,5.76,42,Clear
2026-03-10 10:53:19,3.76,45,Clear
2026-03-10 11:27:44,1.76,48,Clear
2026-03-10 11:56:14,3.96,39,Clear
2026-03-10 13:03:24,1.76,51,Clear
2026-03-10 14:06:29,-0.24,69,Clear
2026-03-10 15:07:28,3.23,41,Clouds
2026-03-10 16:12:10,-3.24,86,Clear
2026-03-10 17:08:17,-2.24,93,Clear
2026-03-10 17:59:24,-2.24,93,Clear
2026-03-10 19:01:55,2.23,49,Clouds
2026-03-10 19:45:11,-1.24,86,Clear
2026-03-10 20:16:40,-1.24,93,Clear
2026-03-10 20:51:53,-1.24,93,Clear
2026-03-10 21:21:00,-1.24,93,Clear
2026-03-10 21:46:49,1.93,48,Clouds
2026-03-10 22:01:08,1.93,48,Clouds
2026-03-10 22:39:32,-0.24,80,Clear
2026-03-10 23:00:06,-0.24,80,Clear
2026-03-10 23:36:30,0.76,80,Clear
2026-03-10 23:55:36,0.76,80,Clear
2026-03-11 01:57:05,3.76,65,Clear
2026-03-11 04:12:13,8.15,22,Clouds
2026-03-11 05:17:04,8.88,21,Clouds
2026-03-11 06:05:32,9.34,23,Clouds
2026-03-11 07:09:11,9.43,25,Clouds
2026-03-11 07:54:09,8.76,53,Clouds
2026-03-11 08:35:14,7.76,61,Clear
2026-03-11 09:24:58,5.76,70,Clear
2026-03-11 10:06:16,5.76,70,Clear
2026-03-11 10:58:23,6.77,48,Clouds
2026-03-11 11:38:35,6.22,55,Clouds
2026-03-11 12:00:32,3.76,75,Clear
2026-03-11 13:22:02,-0.24,93,Clear
2026-03-11 14:14:38,-0.24,93,Clouds
2026-03-11 15:08:12,-0.24,100,Clear
2026-03-11 16:01:04,4.9,72,Clear
2026-03-11 17:04:11,-0.24,100,Mist
2026-03-11 17:58:03,4.45,74,Clear
2026-03-11 19:00:26,-1.24,100,Mist
2026-03-11 19:45:58,3.75,65,Clear
2026-03-11 20:17:52,3.75,65,Clear
2026-03-11 20:52:33,3.47,64,Clear
2026-03-11 21:24:22,-2.24,100,Fog
2026-03-11 21:54:18,-2.24,100,Fog
2026-03-11 22:22:53,-2.24,100,Fog
2026-03-11 22:47:30,3.77,61,Clear
2026-03-11 23:01:33,-2.24,100,Fog
2026-03-11 23:36:28,3.77,61,Clear
2026-03-11 23:56:14,-0.24,100,Fog
2026-03-12 02:11:18,5.76,70,Mist
2026-03-12 04:21:46,12.76,38,Clear
2026-03-12 05:32:27,12.76,38,Clear
2026-03-12 06:30:42,12.76,33,Clear
2026-03-12 07:30:01,12.76,28,Clear
2026-03-12 08:03:11,12.76,28,Clear
2026-03-12 08:58:00,12.76,26,Clear
2026-03-12 09:52:06,11.76,28,Clear
2026-03-12 10:29:27,9.76,29,Clear
2026-03-12 11:08:12,8.76,43,Clear
2026-03-12 11:43:33,8.76,43,Clear
2026-03-12 12:00:24,7.78,43,Clouds
2026-03-12 13:22:13,6.7,46,Clear
2026-03-12 14:12:41,5.87,48,Clear
2026-03-12 15:10:04,5.76,56,Clear
2026-03-12 16:14:45,5.27,46,Clear
2026-03-12 17:12:58,5.06,48,Clear
2026-03-12 18:03:32,2.76,70,Clear
2026-03-12 19:07:50,1.76,75,Clear
2026-03-12 19:51:09,4.13,53,Clear
2026-03-12 20:20:34,0.76,80,Clear
2026-03-12 20:56:46,0.76,80,Clear
2026-03-12 21:35:52,0.76,80,Clear
2026-03-12 21:58:42,3.49,54,Clear
2026-03-12 22:34:56,-0.24,93,Clear
2026-03-12 22:58:07,3.82,51,Clear
2026-03-12 23:33:59,4.65,45,Clear
2026-03-12 23:54:48,4.65,45,Clear
2026-03-13 01:52:09,7.76,36,Clear
2026-03-13 04:02:41,9.14,24,Clear
2026-03-13 05:16:58,11.76,26,Clear
2026-03-13 06:06:04,11.76,26,Clear
2026-03-13 07:09:51,12.76,26,Clear
2026-03-13 07:54:59,11.1,22,Clear
2026-03-13 08:37:09,11.76,24,Clear
2026-03-13 09:22:51,10.76,37,Clear
2026-03-13 10:00:32,10.13,25,Clouds
2026-03-13 10:50:46,7.76,49,Clear
2026-03-13 11:20:53,9.48,28,Clouds
2026-03-13 11:48:56,5.76,56,Clear
2026-03-13 12:26:46,8.81,30,Clouds
2026-03-13 13:39:45,3.76,70,Clear
2026-03-13 14:27:21,2.76,81,Clear
2026-03-13 15:10:12,2.76,81,Clear
2026-03-13 15:57:34,1.76,93,Clear
2026-03-13 16:47:36,6.57,39,Clouds
2026-03-13 17:24:02,6.57,39,Clouds
2026-03-13 17:58:06,1.76,87,Clear
2026-03-13 18:52:42,2.76,87,Clear
2026-03-13 19:25:50,5.96,43,Clouds
2026-03-13 19:54:36,2.76,87,Clear
2026-03-13 20:30:27,2.76,87,Clear
2026-03-13 21:02:49,5.19,46,Clouds
2026-03-13 21:45:58,3.76,70,Clear
2026-03-13 22:03:05,5.31,46,Clouds
2026-03-13 22:39:24,3.76,75,Clear
2026-03-13 22:59:59,5.7,45,Clouds
2026-03-13 23:36:57,6.38,43,Clouds
2026-03-13 23:57:25,5.76,56,Clear
2026-03-14 02:28:15,8.18,37,Clouds
2026-03-14 04:22:29,12.76,33,Clear
2026-03-14 05:28:46,11.76,32,Clear
2026-03-14 06:07:03,11.76,32,Clear
2026-03-14 07:04:35,10.76,35,Clear
2026-03-14 07:46:56,8.76,40,Clear
2026-03-14 08:02:53,8.76,40,Clear
2026-03-14 08:49:50,9.03,33,Clouds
2026-03-14 09:19:41,7.76,39,Clear
2026-03-14 09:52:58,7.76,39,Clear
2026-03-14 10:20:17,8.22,41,Clouds
2026-03-14 10:50:26,6.76,45,Clear
2026-03-14 11:13:20,7.74,49,Clouds
2026-03-14 11:40:03,6.76,53,Clear
2026-03-14 11:57:20,6.76,53,Clear
2026-03-14 13:01:25,6.99,61,Clouds
2026-03-14 13:51:41,5.76,65,Clear
2026-03-14 14:17:54,5.76,81,Clouds
2026-03-14 14:49:28,5.76,81,Clouds
2026-03-14 15:14:19,5.76,81,Clouds
2026-03-14 15:44:58,6.15,73,Clouds
2026-03-14 16:00:58,6.15,73,Clouds
2026-03-14 16:43:56,5.76,93,Clouds
2026-03-14 17:03:51,6.02,75,Clouds
2026-03-14 17:39:14,5.76,93,Clouds
2026-03-14 17:58:09,5.76,93,Clouds
2026-03-14 18:49:40,5.76,100,Mist
2026-03-14 19:17:08,5.76,100,Mist
2026-03-14 19:43:56,5.76,100,Mist
2026-03-14 19:58:56,5.76,100,Mist
2026-03-14 20:38:18,5.76,100,Mist
2026-03-14 20:58:32,5.76,100,Mist
2026-03-14 21:33:43,4.76,100,Mist
2026-03-14 21:53:41,4.76,100,Mist
2026-03-14 22:19:54,6.15,72,Clouds
2026-03-14 22:48:28,6.32,71,Clouds
2026-03-14 23:14:31,5.76,100,Mist
2026-03-14 23:44:36,5.76,100,Mist
2026-03-15 00:00:33,6.68,68,Clouds
2026-03-15 03:26:01,7.73,64,Clouds
2026-03-15 05:17:02,9.56,54,Clouds
2026-03-15 06:12:19,9.63,48,Clouds
2026-03-15 07:13:54,10.76,50,Clouds
2026-03-15 07:54:24,10.76,50,Haze
2026-03-15 08:32:22,9.76,53,Haze
2026-03-15 09:03:42,8.32,55,Clouds
2026-03-15 09:47:05,8.76,57,Haze
2026-03-15 10:14:18,7.39,58,Clouds
2026-03-15 10:51:11,6.82,57,Clouds
2026-03-15 11:14:49,4.76,70,Clouds
2026-03-15 11:42:53,6.46,55,Clouds
2026-03-15 11:58:38,4.76,70,Clear
2026-03-15 13:10:16,4.76,60,Clear
2026-03-15 13:55:11,5.45,56,Clear
2026-03-15 14:28:40,1.76,80,Clear
2026-03-15 14:57:25,1.76,80,Clear
2026-03-15 15:33:52,-0.24,86,Mist
2026-03-15 15:55:22,4.82,56,Clouds
2026-03-15 16:30:39,4.82,56,Clouds
2026-03-15 16:59:10,4.53,57,Clouds
2026-03-15 17:36:55,-0.24,100,Mist
2026-03-15 17:58:30,-0.24,100,Mist
2026-03-15 18:52:02,4.19,61,Clouds
2026-03-15 19:20:59,0.76,86,Mist
2026-03-15 19:45:47,4.12,60,Clouds
2026-03-15 20:00:30,0.76,86,Mist
2026-03-15 20:40:21,-0.24,100,Mist
2026-03-15 21:00:37,4.08,60,Clouds
2026-03-15 21:37:25,-0.24,100,Mist
2026-03-15 21:56:16,-0.24,100,Mist
2026-03-15 22:29:49,3.78,61,Clouds
2026-03-15 22:57:54,4.34,58,Clouds
2026-03-15 23:34:39,5.28,53,Clouds
2026-03-15 23:57:40,1.76,100,Mist
2026-03-16 02:51:49,9.76,50,Haze
2026-03-16 05:07:56,10.64,31,Clouds
2026-03-16 06:48:06,11.76,40,Haze
2026-03-16 07:58:54,11.13,26,Clouds
2026-03-16 09:08:13,10.49,26,Clouds
2026-03-16 10:13:52,9.63,29,Clouds
2026-03-16 11:12:46,6.76,53,Haze
2026-03-16 11:58:34,8.24,32,Clouds
2026-03-16 13:43:38,3.76,75,Clear
2026-03-16 14:48:26,1.76,80,Clear
2026-03-16 15:50:05,6.51,34,Clear
2026-03-16 16:46:38,6.15,34,Clear
2026-03-16 17:47:42,0.76,93,Clear
2026-03-16 18:41:15,-0.24,93,Mist
2026-03-16 19:41:56,-0.24,86,Mist
2026-03-16 20:21:14,5.32,34,Clouds
2026-03-16 21:01:27,-1.24,100,Mist
2026-03-16 21:51:30,4.93,35,Clouds
2026-03-16 22:21:28,4.93,35,Clouds
2026-03-16 22:54:43,5.68,33,Clouds
2026-03-16 23:28:33,1.76,100,Mist
2026-03-16 23:53:49,1.76,100,Mist
2026-03-17 01:43:30,8.76,53,Haze
2026-03-17 04:03:48,14.65,17,Clear
2026-03-17 05:35:21,13.3,13,Clear
2026-03-17 06:41:39,15.59,16,Clear
2026-03-17 07:41:37,13.76,33,Haze
2026-03-17 08:32:22,13.42,13,Clear
2026-03-17 09:33:03,10.76,32,Haze
2026-03-17 10:30:00,6.76,42,Haze
2026-03-17 11:25:56,11.05,18,Clear
2026-03-17 12:02:04,5.76,42,Haze
2026-03-17 13:46:34,9.35,22,Clouds
2026-03-17 14:44:56,9.16,23,Clouds
2026-03-17 15:46:52,2.76,75,Clear
2026-03-17 16:47:49,8.95,21,Clouds
2026-03-17 17:46:51,3.76,75,Clear
2026-03-17 18:40:04,4.76,65,Clear
2026-03-17 19:41:49,8.3,26,Rain
2026-03-17 20:21:31,8.3,26,Rain
2026-03-17 21:00:40,4.76,70,Rain
2026-03-17 21:49:45,6.76,57,Rain
2026-03-17 22:19:56,5.76,70,Rain
2026-03-17 22:55:15,5.76,70,Rain
2026-03-17 23:31:02,6.76,76,Rain
2026-03-17 23:58:23,6.76,76,Rain
2026-03-18 02:49:49,4.76,93,Rain
2026-03-18 04:48:59,5.76,100,Rain
2026-03-18 05:54:31,5.76,93,Mist
2026-03-18 06:58:01,7.1,70,Clouds
2026-03-18 07:56:49,9.76,66,Mist
2026-03-18 08:54:32,8.71,59,Clouds
2026-03-18 09:50:36,6.86,59,Clouds
2026-03-18 10:37:36,6.86,59,Clouds
2026-03-18 11:30:21,4.76,81,Clear
2026-03-18 12:06:56,6.41,46,Clouds
2026-03-18 13:51:39,5.39,47,Clouds
2026-03-18 14:55:52,3.76,65,Clear
2026-03-18 16:07:27,1.76,69,Clear
2026-03-18 17:16:46,1.76,60,Clear
2026-03-18 18:12:33,2.76,56,Clear
2026-03-18 19:18:13,3.38,38,Clouds
2026-03-18 19:55:53,-0.24,64,Clear
2026-03-18 20:36:25,-2.24,80,Clear
2026-03-18 21:07:47,2.76,35,Clouds
2026-03-18 21:48:41,2.66,33,Clouds
2026-03-18 22:18:53,2.66,33,Clouds
2026-03-18 22:51:27,3.37,30,Clouds
2026-03-18 23:20:39,3.37,30,Clouds
2026-03-18 23:47:46,4.6,27,Clouds
2026-03-19 00:58:17,4.76,38,Clear
2026-03-19 03:43:09,9.76,15,Clear
2026-03-19 05:13:56,9.77,17,Clear
2026-03-19 06:12:35,10.76,28,Clear
2026-03-19 07:15:31,8.76,27,Clear
2026-03-19 07:57:40,8.76,27,Clear
2026-03-19 08:51:21,7.23,34,Clouds
2026-03-19 09:31:42,7.23,34,Clouds
2026-03-19 10:10:03,6.76,49,Clear
2026-03-19 11:01:26,5.76,61,Clear
2026-03-19 11:46:56,4.76,65,Clear
2026-03-19 12:29:27,4.76,70,Clear
2026-03-19 13:49:57,5.26,51,Clouds
2026-03-19 14:39:02,3.76,75,Clear
2026-03-19 15:36:08,4.81,62,Clouds
2026-03-19 16:37:43,4.81,62,Clouds
2026-03-19 17:40:17,4.68,65,Clouds
2026-03-19 18:33:31,4.44,69,Clouds
2026-03-19 19:30:58,3.82,70,Clear
2026-03-19 20:02:54,-1.24,100,Clouds
2026-03-19 20:52:26,3.4,75,Clear
2026-03-19 21:26:21,3.4,75,Clear
2026-03-19 21:54:56,-2.24,100,Clouds
2026-03-19 22:26:22,3.34,74,Clear
2026-03-19 22:56:24,0.76,100,Clouds
2026-03-19 23:31:36,3.76,87,Clear
2026-03-19 23:55:44,3.76,87,Clear
2026-03-20 02:04:15,8.66,51,Clear
2026-03-20 04:21:39,11.16,28,Clear
2026-03-20 05:32:13,11.76,50,Clear
2026-03-20 06:31:50,12.26,19,Clear
2026-03-20 07:31:04,12.76,38,Clear
2026-03-20 08:03:28,12.76,38,Clear
2026-03-20 08:56:19,11.76,37,Clear
2026-03-20 09:42:26,9.45,29,Clouds
2026-03-20 10:22:02,7.76,61,Clear
2026-03-20 11:01:25,7.76,61,Clear
2026-03-20 11:39:42,6.76,61,Clear
2026-03-20 11:59:42,8.2,35,Clouds
2026-03-20 13:19:34,1.76,80,Clear
2026-03-20 14:09:13,1.76,80,Clear
2026-03-20 15:01:16,1.76,75,Clear
2026-03-20 15:53:55,0.76,86,Clear
2026-03-20 16:37:14,-0.24,93,Clear
2026-03-20 17:22:51,-0.24,93,Clear
2026-03-20 17:58:19,5.39,51,Clear
2026-03-20 18:59:36,-1.24,93,Mist
2026-03-20 19:40:21,4.9,50,Clear
2026-03-20 20:01:04,4.9,50,Clear
2026-03-20 20:46:29,-1.24,93,Mist
2026-03-20 21:16:11,-1.24,100,Mist
2026-03-20 21:47:29,4.55,50,Clear
2026-03-20 22:02:11,-1.24,100,Mist
2026-03-20 22:41:17,-0.24,100,Mist
2026-03-20 23:02:10,5.37,46,Clear
2026-03-20 23:38:36,4.76,87,Mist
2026-03-20 23:57:35,6.75,38,Clear
2026-03-21 02:26:27,10.76,32,Clear
2026-03-21 04:16:48,13.76,30,Clear
2026-03-21 05:13:59,13.76,18,Clear
2026-03-21 05:56:03,13.76,18,Clear
2026-03-21 06:44:21,13.76,28,Clear
2026-03-21 07:22:47,13.76,28,Clear
2026-03-21 07:50:02,13.76,28,Clear
2026-03-21 08:16:09,12.76,28,Clear
2026-03-21 08:51:58,12.76,28,Clear
2026-03-21 09:21:35,10.76,28,Clear
2026-03-21 09:51:16,10.76,28,Clear
2026-03-21 10:13:59,9.69,18,Clear
2026-03-21 10:47:10,9.16,19,Clear
2026-03-21 11:02:29,9.16,19,Clear
2026-03-21 11:33:23,8.86,21,Clear
2026-03-21 11:51:12,4.76,42,Clear
2026-03-21 12:20:34,4.76,56,Clear
2026-03-21 13:13:53,4.76,56,Clear
2026-03-21 13:53:33,8.01,24,Clear
2026-03-21 14:21:03,8.37,22,Clear
2026-03-21 14:48:50,3.76,65,Clear
2026-03-21 15:12:40,1.76,69,Clear
2026-03-21 15:42:12,1.76,69,Clear
2026-03-21 15:58:50,1.76,69,Clear
2026-03-21 16:40:01,2.76,70,Clear
2026-03-21 17:00:41,2.76,70,Clear
2026-03-21 17:34:52,1.76,80,Clear
2026-03-21 17:55:03,1.76,80,Clear
2026-03-21 18:33:49,2.76,75,Clear
2026-03-21 19:02:22,2.76,75,Clear
2026-03-21 19:33:42,2.76,81,Clear
2026-03-21 19:50:50,2.76,81,Clear
2026-03-21 20:00:38,2.76,81,Clear
2026-03-21 20:38:11,1.76,87,Clear
2026-03-21 20:57:03,1.76,87,Clear
2026-03-21 21:28:58,2.76,87,Clear
2026-03-21 21:50:04,2.76,87,Clear
2026-03-21 22:00:40,2.76,87,Clear
2026-03-21 22:36:19,7.71,23,Clouds
2026-03-21 22:56:39,2.76,87,Clear
2026-03-21 23:27:59,4.76,70,Clear
2026-03-21 23:49:19,4.76,70,Clear
2026-03-22 00:01:17,4.76,70,Clear
2026-03-22 03:17:00,15.76,21,Clear
2026-03-22 05:02:51,16.76,20,Clear
2026-03-22 06:02:26,17.76,16,Clear
2026-03-22 07:03:44,17.69,13,Clouds
2026-03-22 07:46:45,16.63,14,Clouds
2026-03-22 08:02:20,16.76,16,Clear
2026-03-22 08:49:35,14.76,25,Clear
2026-03-22 09:18:52,13.7,15,Clouds
2026-03-22 09:50:51,12.76,21,Clear
2026-03-22 10:14:33,9.76,34,Clear
2026-03-22 10:48:17,9.76,34,Clear
2026-03-22 11:12:09,7.76,46,Clear
2026-03-22 11:37:55,7.76,46,Clear
2026-03-22 11:55:08,7.76,46,Clear
2026-03-22 12:47:30,6.76,45,Clear
2026-03-22 13:34:27,10.77,21,Clouds
2026-03-22 14:02:22,9.99,23,Clouds
2026-03-22 14:39:49,5.76,49,Clear
2026-03-22 14:59:23,9.44,24,Clouds
2026-03-22 15:34:46,4.76,52,Clear
2026-03-22 15:53:22,4.76,52,Clear
2026-03-22 16:21:36,8.9,25,Clouds
2026-03-22 16:51:47,8.45,26,Clouds
2026-03-22 17:16:30,2.76,75,Clear
2026-03-22 17:45:17,2.76,75,Clear
2026-03-22 18:00:29,8.1,29,Clouds
2026-03-22 18:51:25,1.76,75,Clear
2026-03-22 19:17:07,0.76,69,Clear
2026-03-22 19:42:19,0.76,69,Clear
2026-03-22 19:56:31,7.85,34,Clouds
2026-03-22 20:30:30,0.76,80,Clear
2026-03-22 20:55:16,0.76,80,Clear
2026-03-22 21:25:13,7.58,35,Clouds
2026-03-22 21:49:07,0.76,80,Clear
2026-03-22 22:01:15,7.51,35,Clouds
2026-03-22 22:37:45,8.27,34,Clouds
2026-03-22 22:58:32,0.76,80,Clear
2026-03-22 23:35:52,8.27,34,Clouds
2026-03-22 23:57:55,5.76,70,Clear
2026-03-23 02:46:45,15.86,24,Clouds
2026-03-23 04:54:45,16.76,22,Clear
2026-03-23 06:09:11,18.76,20,Clear
2026-03-23 07:38:59,19.21,20,Clouds
2026-03-23 08:34:04,16.76,39,Clear
2026-03-23 09:42:06,17.15,25,Clouds
2026-03-23 10:36:59,14.36,28,Clouds
2026-03-23 11:28:48,7.76,71,Clouds
2026-03-23 12:04:55,13.58,29,Clouds
2026-03-23 13:44:49,12.41,33,Clear
2026-03-23 14:43:57,5.76,70,Clouds
2026-03-23 15:44:06,3.76,87,Clouds
2026-03-23 16:37:35,11.55,38,Clouds
2026-03-23 17:33:10,3.76,93,Mist
2026-03-23 18:28:19,3.76,87,Mist
2026-03-23 19:29:09,2.76,93,Mist
2026-03-23 20:03:41,2.76,93,Mist
2026-03-23 20:50:59,2.76,93,Mist
2026-03-23 21:23:40,3.76,93,Mist
2026-03-23 21:54:45,3.76,93,Mist
2026-03-23 22:29:04,9.36,48,Clouds
2026-03-23 23:02:03,2.76,100,Mist
2026-03-23 23:44:00,11.16,42,Clouds
2026-03-24 00:02:04,11.16,42,Clouds
2026-03-24 02:52:18,15.76,33,Haze
2026-03-24 04:47:42,16.76,29,Haze
2026-03-24 05:49:40,15.76,36,Clear
2026-03-24 06:46:09,17.32,37,Clouds
2026-03-24 07:43:26,14.76,51,Clear
2026-03-24 08:33:30,14.76,55,Clear
2026-03-24 09:33:54,12.76,58,Clear
2026-03-24 10:30:34,13.68,40,Clouds
2026-03-24 11:26:52,10.76,66,Clear
2026-03-24 12:04:13,10.76,66,Clear
2026-03-24 13:47:00,12.28,39,Clouds
2026-03-24 14:46:36,8.76,76,Clouds
2026-03-24 15:49:29,11.73,39,Clouds
2026-03-24 16:45:27,7.76,87,Clouds
2026-03-24 17:42:25,7.76,87,Clouds
2026-03-24 18:40:29,7.76,87,Clouds
2026-03-24 19:40:40,10.63,32,Clouds
2026-03-24 20:23:33,10.63,32,Clouds
2026-03-24 21:01:50,10.3,33,Clouds
2026-03-24 21:49:18,6.76,93,Mist
2026-03-24 22:17:11,10.23,32,Clouds
2026-03-24 22:52:54,6.76,93,Clouds
2026-03-24 23:24:00,8.76,93,Mist
2026-03-24 23:53:19,11.71,29,Clouds
2026-03-25 01:27:35,13.76,62,Clouds
2026-03-25 04:02:22,15.76,41,Clear
2026-03-25 05:36:17,17.76,42,Clear
2026-03-25 06:41:48,16.76,51,Clear
2026-03-25 07:41:00,18.8,29,Clear
2026-03-25 08:30:50,14.76,44,Clear
2026-03-25 09:31:16,12.76,67,Clear
2026-03-25 10:28:30,9.76,71,Clear
2026-03-25 11:23:36,8.76,71,Clear
2026-03-25 12:01:12,8.76,71,Clear
2026-03-25 13:44:14,5.76,87,Clear
2026-03-25 14:46:24,6.76,93,Clear
2026-03-25 15:53:25,6.76,100,Clouds
2026-03-25 16:56:36,5.76,100,Mist
2026-03-25 18:00:14,10.12,58,Clear
2026-03-25 19:08:38,3.76,100,Mist
2026-03-25 19:53:11,3.76,100,Mist
2026-03-25 20:31:36,2.76,100,Mist
2026-03-25 21:05:35,9.23,62,Clouds
2026-03-25 21:52:14,3.76,100,Fog
2026-03-25 22:25:32,2.76,100,Mist
2026-03-25 23:02:26,2.76,100,Mist
2026-03-25 23:47:29,6.76,100,Mist
2026-03-26 01:02:25,8.76,81,Mist
2026-03-26 03:53:11,15.76,55,Haze
2026-03-26 05:28:28,20.55,28,Clear
2026-03-26 06:46:56,17.76,36,Haze
2026-03-26 07:49:14,16.76,42,Haze
2026-03-26 08:37:23,14.76,47,Clouds
2026-03-26 09:42:48,15.85,35,Clouds
2026-03-26 10:36:28,8.76,87,Haze
2026-03-26 11:33:12,5.76,100,Haze
2026-03-26 12:36:09,12.06,49,Clear
2026-03-26 14:08:29,4.76,100,Mist
2026-03-26 15:39:27,3.76,100,Mist
2026-03-26 16:44:31,3.76,100,Mist
2026-03-26 17:45:17,3.76,100,Mist
2026-03-26 18:41:53,3.76,100,Mist
2026-03-26 19:43:13,2.76,100,Mist
2026-03-26 20:19:22,5.76,100,Mist
2026-03-26 20:53:48,5.76,100,Mist
2026-03-26 21:26:19,5.76,100,Mist
2026-03-26 21:53:06,5.76,100,Mist
2026-03-26 22:20:37,5.76,100,Mist
2026-03-26 22:52:40,5.76,100,Mist
2026-03-26 23:22:54,6.76,100,Mist
2026-03-26 23:54:56,6.76,100,Mist
2026-03-27 02:07:32,15.92,34,Clouds
2026-03-27 04:40:55,14.76,58,Haze
2026-03-27 06:02:29,15.76,51,Haze
2026-03-27 07:22:01,15.76,48,Haze
2026-03-27 08:07:48,15.76,48,Haze
2026-03-27 09:06:54,17.72,40,Clear
2026-03-27 10:04:37,13.76,54,Haze
2026-03-27 11:02:18,13.1,53,Clear
2026-03-27 11:51:28,8.76,87,Haze
2026-03-27 12:35:31,6.76,100,Mist
2026-03-27 13:54:38,11.72,59,Clouds
2026-03-27 14:45:58,5.76,100,Fog
2026-03-27 15:36:46,5.76,100,Fog
2026-03-27 16:32:55,5.76,100,Fog
2026-03-27 17:30:48,5.76,100,Mist
2026-03-27 18:30:37,10.27,57,Clouds
2026-03-27 19:24:28,4.76,100,Mist
2026-03-27 19:57:30,9.39,62,Clouds
2026-03-27 20:44:44,4.76,100,Mist
2026-03-27 21:20:23,4.76,100,Mist
2026-03-27 21:53:33,4.76,100,Mist
2026-03-27 22:25:26,5.76,100,Mist
2026-03-27 23:00:01,5.76,100,Mist
2026-03-27 23:40:56,5.76,100,Mist
2026-03-28 00:00:10,11.53,48,Clouds
2026-03-28 02:54:08,14.76,44,Haze
2026-03-28 04:49:48,18.22,23,Clear
2026-03-28 05:46:40,18.63,22,Clear
2026-03-28 06:40:48,17.76,39,Haze
2026-03-28 07:34:30,18.39,19,Clear
2026-03-28 08:04:28,18.76,32,Haze
2026-03-28 08:54:40,17.76,42,Haze
2026-03-28 09:33:29,15.76,41,Haze
2026-03-28 10:02:51,15.76,41,Haze
2026-03-28 10:46:51,8.76,81,Haze
2026-03-28 11:14:36,5.76,93,Clear
2026-03-28 11:44:20,14.04,33,Clear
2026-03-28 12:00:31,5.76,93,Haze
2026-03-28 13:15:10,4.76,87,Clear
2026-03-28 13:58:46,13.15,35,Clear
2026-03-28 14:40:00,12.83,36,Clouds
2026-03-28 15:03:05,12.83,36,Clouds
2026-03-28 15:42:56,12.71,36,Clouds
2026-03-28 16:02:11,4.76,100,Haze
2026-03-28 16:47:47,12.36,36,Clouds
2026-03-28 17:16:24,3.76,93,Clouds
2026-03-28 17:49:27,3.76,93,Haze
2026-03-28 18:20:21,3.76,100,Mist
2026-03-28 19:03:16,3.76,100,Mist
2026-03-28 19:39:15,10.94,39,Clouds
2026-03-28 19:58:06,3.76,100,Mist
2026-03-28 20:38:50,3.76,100,Mist
2026-03-28 21:01:56,3.76,100,Mist
2026-03-28 21:39:49,10.91,38,Clouds
2026-03-28 21:58:55,10.91,38,Clouds
2026-03-28 22:38:29,3.76,100,Haze
2026-03-28 23:01:35,3.76,100,Haze
2026-03-28 23:40:22,7.76,87,Haze
2026-03-29 00:00:43,7.76,87,Haze
2026-03-29 03:30:12,17.66,21,Clouds
2026-03-29 05:25:41,18.76,26,Clear
2026-03-29 06:40:31,16.76,39,Clear
2026-03-29 07:38:17,16.76,31,Haze
2026-03-29 08:05:37,16.76,31,Haze
2026-03-29 08:56:39,17.76,24,Clear
2026-03-29 09:39:25,14.76,29,Clear
2026-03-29 10:04:35,15.32,18,Clouds
2026-03-29 10:50:51,11.76,35,Clear
2026-03-29 11:17:29,11.76,40,Clear
2026-03-29 11:47:00,11.76,40,Clear
2026-03-29 12:02:42,15.1,18,Clouds
2026-03-29 13:17:21,14.52,18,Clouds
2026-03-29 14:02:00,14.33,20,Clouds
2026-03-29 14:46:49,8.76,53,Clear
2026-03-29 15:17:03,7.76,66,Clear
2026-03-29 15:49:01,7.76,66,Clear
2026-03-29 16:18:58,8.76,61,Clear
2026-03-29 16:56:35,12.66,24,Clouds
2026-03-29 17:33:09,10.76,43,Clear
2026-03-29 18:00:33,10.76,43,Clear
2026-03-29 18:57:56,9.76,46,Clear
2026-03-29 19:36:35,8.76,57,Clear
2026-03-29 19:58:20,12.52,23,Clouds
2026-03-29 20:40:57,8.76,61,Clear
2026-03-29 21:03:48,8.76,61,Clear
2026-03-29 21:44:57,7.76,71,Clear
2026-03-29 22:03:04,12.33,22,Clouds
2026-03-29 22:47:16,13.15,22,Clouds
2026-03-29 23:18:11,13.15,22,Clouds
2026-03-29 23:51:01,13.98,21,Clouds
2026-03-30 01:07:48,11.76,54,Clear
2026-03-30 04:16:33,19.76,28,Clear
2026-03-30 06:11:08,20.76,28,Clear
2026-03-30 08:01:09,19.76,34,Clear
2026-03-30 09:24:45,17.76,42,Clear
2026-03-30 10:44:03,15.76,41,Clouds
2026-03-30 11:41:57,15.49,39,Rain
2026-03-30 12:41:13,14.92,46,Rain
2026-03-30 14:12:28,12.76,82,Rain
2026-03-30 15:41:30,11.76,100,Rain
2026-03-30 16:39:43,11.76,100,Rain
2026-03-30 17:36:17,10.76,100,Rain
2026-03-30 18:36:53,10.76,100,Rain
2026-03-30 19:39:07,10.76,100,Rain
2026-03-30 20:25:54,9.76,100,Rain
2026-03-30 21:08:11,10.86,81,Rain
2026-03-30 21:56:14,9.76,100,Rain
2026-03-30 22:36:56,9.76,100,Rain
2026-03-30 23:07:29,11.35,77,Clouds
2026-03-30 23:50:41,10.76,93,Mist
2026-03-31 01:04:48,11.76,82,Mist
2026-03-31 04:05:56,17.76,52,Clouds
2026-03-31 05:52:03,16.76,55,Clouds
2026-03-31 07:00:53,17.76,48,Clouds
2026-03-31 08:13:28,18.12,45,Clouds
2026-03-31 09:19:13,18.42,47,Clouds
2026-03-31 10:30:28,15.76,59,Clear
2026-03-31 11:28:35,13.76,72,Clear
2026-03-31 12:08:20,15.01,57,Clouds
2026-03-31 14:01:19,14.24,55,Clouds
2026-03-31 15:15:10,8.76,100,Clear
2026-03-31 16:16:35,13.96,56,Clouds
2026-03-31 17:16:14,8.76,100,Clear
2026-03-31 18:09:13,8.76,100,Clear
2026-03-31 19:18:22,7.76,100,Clouds
2026-03-31 20:02:31,7.76,100,Clouds
2026-03-31 20:54:14,6.76,100,Clouds
2026-03-31 21:34:52,7.76,100,Clouds
2026-03-31 22:06:09,7.76,100,Clouds
2026-03-31 22:50:39,8.76,100,Clouds
2026-03-31 23:20:53,11.76,94,Clear
2026-03-31 23:53:48,11.76,94,Clear
2026-04-01 02:01:52,15.76,63,Clear
2026-04-01 04:53:01,15.76,63,Clouds
2026-04-01 06:23:10,14.76,63,Rain
2026-04-01 07:59:09,14.76,51,Haze
2026-04-01 09:18:52,13.76,41,Clear
2026-04-01 10:31:12,11.76,40,Clear
2026-04-01 11:31:50,10.76,54,Clear
2026-04-01 12:09:54,10.76,54,Clear
2026-04-01 14:04:18,6.76,76,Clouds
2026-04-01 15:23:38,11.45,39,Clouds
2026-04-01 16:30:06,4.76,87,Clear
2026-04-01 17:30:38,3.76,93,Clear
2026-04-01 18:30:50,4.76,87,Clear
2026-04-01 19:39:50,3.76,93,Clear
2026-04-01 20:24:36,3.76,93,Mist
